writing_speed,spelling_error_rate,spelling_inconsistency,spacing_variance,stroke_deviation,motor_hesitation,label
0.8690811976835592,0.2390044191574117,0.07514036963774968,0.18746222988209968,0.2286983932574995,0.24984911303648133,0
0.37182611814437816,0.5048627085909547,0.769607967623517,0.5207343196478916,0.7195434660309423,0.6150530916174712,1
0.19203297985664236,0.6411834013809427,0.7485169796198441,0.6336199862675077,0.7930796202361121,0.6618109542295478,1
0.6273412801239834,0.23512795274523215,0.0857274973778118,0.12983006387977877,0.27417755328876064,0.0997368471446136,0
0.1169756968440147,0.6495684188051254,0.8777794330777213,0.7566937589194234,0.7685916594668828,0.752912861455056,1
0.6795968555837747,0.12550015923068403,0.22528193950899547,0.030411869265947744,0.11114111043588491,0.08289573253975609,0
0.22960567827835182,0.8921474963768741,0.5270010186735288,0.707480397752238,0.5717458728048842,0.8882706181638977,1
0.6453214018909856,0.12108030070847736,0.22136549545038184,0.21136632840823358,0.16909145475757292,0.10395725038581546,0
0.21928371356586118,0.6057105052634557,0.5821331754827199,0.693215879023556,0.607413502427043,0.6149846659589,1
0.29702681904236716,0.887414932679957,0.7414548802237501,0.5307917868259865,0.5302334455416268,0.8805692883382263,1
0.1891872370922001,0.5368267944329902,0.7396178348601526,0.7494595113161064,0.7594019280474753,0.6069608111430165,1
0.10453320526434251,0.8860061477817888,0.600357218276441,0.770410515221019,0.7826519479514839,0.7440029668317942,1
0.7251629576854592,0.08132887612921973,0.17930048481081093,0.25982869008350745,0.3786934915693583,0.03177174132112729,0
0.14644858377931597,0.877894503513232,0.794614091333917,0.8531975299319092,0.5810530536541373,0.7350343484437607,1
0.8804558377669894,0.20403356563409178,0.12244550726000943,0.004618467507392543,0.23317042272170527,0.07593046175388263,0
0.7801016984571562,0.2872743045251452,0.11971059529273041,0.251940481999328,0.07541624229970045,0.20173814940750864,0
0.3931020863316831,0.5407572403491747,0.5033279768908768,0.6734331170530458,0.5370501932205469,0.7993537398704926,1
0.37436459915456777,0.6736083890835035,0.6034846568621763,0.673761327602644,0.7893791271400004,0.5036216646321484,1
0.27683619684540917,0.7453166739549516,0.7550752987583742,0.5968088319923509,0.7856210893512507,0.5365565945327105,1
0.6797081345867203,0.2632410139963446,0.2216169452179699,0.004123666203403575,0.09935050414792009,0.06432194489794936,0
0.708322531214789,0.07426793108396591,0.01875788872285372,0.1376821549790461,0.29309338991446604,0.18201951741523092,0
0.30186150057942396,0.5324596714144957,0.8805962840707149,0.8353967335372099,0.822036127398265,0.829193522016707,1
0.9730842032531045,0.1632761898341093,0.060084605360287764,0.18503508235576235,0.2971525974671756,0.2213752180062076,0
0.808579609666752,0.020537615800073416,0.11133388152903835,0.2762299825390072,0.23377956390297042,0.16149958297671402,0
0.7075414057528774,0.11053467597497367,0.2686038267459508,0.19993891425805072,0.3149548107009332,0.13630362692029654,0
0.8520988877824631,0.07451508262296226,0.2116382490850459,0.1282804001110012,0.17701820592589823,0.1947966973730645,0
0.9745122485875707,0.019201903982586276,0.24742297120410228,0.08771493312365793,0.17756778180255114,0.006573998632502687,0
0.19031382335029393,0.7010524970520522,0.5224704309389756,0.6964382917532661,0.870844251543371,0.5421572872431221,1
0.32933221842265137,0.663868421350397,0.7620694858097352,0.6040946391940918,0.5637969050165433,0.5641850457084906,1
0.1211475836929434,0.5742586819604972,0.7656877539955873,0.8526762447374032,0.8256502742364648,0.7740537239497937,1
0.13312955902333082,0.6156749785183799,0.6239227501289876,0.5999827785590485,0.7060022638838892,0.714221525951869,1
0.7427543900684441,0.1061367476209308,0.2485666793718244,0.23678785449590567,0.12311833267229827,0.2741365331619778,0
0.9811260068010024,0.09802276260901224,0.10632748463791646,0.15169024602658765,0.3764483250134694,0.26289582994269345,0
0.13077038877507696,0.6570922973085664,0.7213484758999087,0.7012529890206161,0.5775452271747571,0.843526708467262,1
0.8707763131987349,0.25137251245554104,0.2576292838048416,0.22450675609972193,0.17568424049988696,0.18316402650462735,0
0.6641461624478973,0.2020936252424723,0.053775976721784226,0.20818487715304704,0.09183926430158747,0.03526539004506599,0
0.14958534704288723,0.5007968540876281,0.7874958471414122,0.7929604196233517,0.7059733399653038,0.5645451204221534,1
0.6334217350042759,0.005738689931186103,0.04972445308956621,0.267256660494944,0.09661473668067272,0.1062813981651647,0
0.6421381937925332,0.06670839142445108,0.15576737123406154,0.18232580492869577,0.09814092566648443,0.01731964776753516,0
0.21730986073821962,0.5936813483705337,0.5878215692919208,0.8839451210853821,0.7465201943702896,0.7227513772688383,1
0.7663100414093288,0.12868330002904327,0.16227150115142425,0.20892894211083216,0.2808584384727318,0.05150817231163487,0
0.8000451008306508,0.12358742851023058,0.26115808988081524,0.1894256763655129,0.21300162656639274,0.03461839265367521,0
0.28169136679702345,0.5468815622720934,0.6348826302263009,0.5571367859257328,0.7768294588097475,0.582500845534461,1
0.21755781195640783,0.8582699110475115,0.5817265533595881,0.7031220255835117,0.6677086644664088,0.5072496164182919,1
0.3378274340718439,0.5276183625258399,0.6897020083907814,0.72427131797558,0.7513705826458348,0.7754526517231503,1
0.701308953409086,0.0029936329975348117,0.21703309870647358,0.16069697980427358,0.3344470812828995,0.24641650887020827,0
0.9373304671151532,0.14552839799386205,0.10008851875105969,0.237467460777411,0.180517645211702,0.055032658921030354,0
0.3564922058684423,0.853023950708939,0.6865239024560681,0.530279890923915,0.6551304359667725,0.8214150637850414,1
0.9607096114184914,0.061041822749278746,0.020092083607581458,0.26320513593985156,0.15576197559155014,0.16252828928026897,0
0.3904197436152277,0.5266258911656891,0.7593272029808382,0.5296421690299469,0.6501875713866001,0.8215258180773788,1
0.7733888931022538,0.29915470617088513,0.16771778548398064,0.09634864579078604,0.08804453036190125,0.10515616028584854,0
0.7490133095038203,0.02061410331718829,0.11087225982803195,0.13927155592176746,0.2890951008955219,0.19701884541648237,0
0.3126296965687463,0.5033454727507428,0.5870669598322145,0.7646737153599426,0.6935957472718989,0.5021253902673384,1
0.921797856972729,0.2318428719871012,0.16452574889806879,0.019938997732881634,0.30660601981303387,0.17511407631940917,0
0.9127839908631836,0.22552409771875212,0.24090062158735112,0.15540241992138745,0.056129807277406,0.2013472420139066,0
0.8481895140207882,0.22267595615972616,0.05096430181522059,0.05849255997008676,0.3561638068877314,0.22499333953562123,0
0.3724685466100969,0.8034861284655683,0.7388621223961207,0.7616530948111495,0.8556511695760041,0.7315227018047762,1
0.8529565297313549,0.04694301480108017,0.1421763660348308,0.21491913358742967,0.10837707932654617,0.06067625415736047,0
0.7255307232897662,0.07245018839785003,0.06447379111091875,0.12745525286042608,0.36313540555341367,0.1521178940216155,0
0.1563761142445969,0.5307886677523497,0.7784624580551701,0.6531195057745551,0.8287323786341437,0.7638043074563081,1
0.9184965802165475,0.08158381182553462,0.20770767673831744,0.07921859540811563,0.37562739178011667,0.19091228446001232,0
0.19735354005260264,0.6078047449169091,0.5763706340286574,0.7778563835574912,0.5874862451991709,0.7381213063709956,1
0.705854010770143,0.19859068343816058,0.24448191856216175,0.23340757294339592,0.30434053237231273,0.05631672170767562,0
0.12651548409535562,0.7795795313949543,0.6473388855177405,0.6729384905613389,0.5124596371173564,0.6038305797100196,1
0.6134705615497856,0.26375573178037426,0.07301900496555914,0.1672011508719024,0.015591728264452166,0.2000542173916974,0
0.7292109383016375,0.26937575608729974,0.26643545668021074,0.09758718550852433,0.3603843582761872,0.2988473020496336,0
0.3476246992371845,0.8379485391020915,0.5996034944436359,0.7306809595431025,0.5269023655869471,0.5379671747286678,1
0.9995570448133162,0.09799177482777328,0.22445517361465392,0.24199951590804492,0.3432093084028917,0.29928848922064694,0
0.6965985941027472,0.012105248057909912,0.12335745539837578,0.039024200948684085,0.00897035566482205,0.10812804814244582,0
0.9134953004300945,0.16985420736752124,0.09383339676310622,0.1963026016478159,0.0928072721235243,0.0043144338216255075,0
0.905741354574571,0.18712292545920273,0.22869078735028797,0.011681405006299684,0.3348478511322609,0.185857860010891,0
0.825358140285056,0.18738421443435946,0.2593299740605092,0.17608095196767212,0.23238015195527173,0.29720374711972974,0
0.9026920668274272,0.13268814163534057,0.21221910000987831,0.11676914150753653,0.0915501849933996,0.17905556306632783,0
0.9712728392455806,0.2787418560046388,0.10257158343164709,0.1583032398665085,0.08465435942794448,0.29868933284966503,0
0.39433537236038074,0.759803571882979,0.8217656238709894,0.78604006451348,0.7372632876157873,0.5213391987955591,1
0.7819057370210645,0.20243589065022316,0.2032594841651054,0.11193678552671507,0.37667679466321224,0.0502071096710343,0
0.8001437784862242,0.20726519296524684,0.20914074176754277,0.19459168703064467,0.11011528538074407,0.04686197060598659,0
0.8543761307306843,0.1797906348418313,0.05380680308677229,0.21154174367116899,0.18206879669346257,0.20032817748094586,0
0.9349468319080603,0.050918528573076945,0.005743460399051004,0.23373077591873603,0.2438789700610464,0.2098918708866365,0
0.9352619899954571,0.24084328044735015,0.2882760440786474,0.16078052365563547,0.19539825306396216,0.12056615996721902,0
0.14610731285326137,0.729042893152809,0.6108050097303915,0.8685230048851902,0.733276321710839,0.7371360722032441,1
0.741969864350804,0.015596805593312245,0.009523129611896585,0.12700054324595925,0.033826151238895145,0.18205408666204173,0
0.952389202255863,0.26487444495561663,0.19771362303966972,0.0633695494418793,0.3451987325435488,0.2658280305939624,0
0.15899607548588762,0.7949704343082709,0.6146078195708492,0.8210561249411719,0.8988951599614411,0.5120104021317571,1
0.9589463463163728,0.18678916007959742,0.29201478574944634,0.13950285525792827,0.33895517222854954,0.018718220579483167,0
0.20058371502348873,0.526806615100484,0.8901372533916283,0.8267895629087347,0.8410189684983882,0.8751860925735577,1
0.6340413944479141,0.115679277754,0.021310466713200638,0.06323793046500858,0.09174631081506895,0.1407321633142736,0
0.707424866981457,0.030293432045328327,0.05024732672823231,0.044182669065627275,0.38923071916491936,0.22778775207554208,0
0.3903284395808686,0.6758961946031634,0.6113473926650627,0.8193172788836747,0.6305015672164587,0.6197533494821393,1
0.16975179766234938,0.5518715912896941,0.6025852244067064,0.6421278993895551,0.7695976832582923,0.5250259368877807,1
0.6842027758661372,0.2427070920875029,0.044076577075131226,0.10279354395675645,0.3458635687432561,0.046477593343032794,0
0.12482105068545699,0.6938151980320043,0.6209678045114145,0.7253633457935417,0.8215219561933901,0.5548593952610973,1
0.2742097253662855,0.7022035041559456,0.5576315144052798,0.7495993942115929,0.6094561671443086,0.695133727417605,1
0.6329089297108247,0.1378752171640869,0.09193904041284609,0.2467143633556063,0.022791490798947312,0.125582182475499,0
0.23752942723943143,0.7900024305196476,0.7297150300360844,0.7668849348776725,0.8108197142607025,0.8448811894632755,1
0.7255501986889882,0.1614068116091709,0.25203242353176,0.29683533928951694,0.3558077244175053,0.11144017878731304,0
0.6780666068874601,0.14681776122197662,0.22249243555081266,0.14777072122598928,0.19327234532546742,0.25146912632454016,0
0.20842113372015592,0.8439178699246583,0.6627219203806894,0.6312932422713358,0.6815959644798796,0.8049787834699473,1
0.1378006083591983,0.578567686348807,0.8805779302652368,0.5701966509525429,0.7270909271724219,0.7317257866647752,1
0.7958497848200979,0.19342357457304557,0.06894801773928552,0.16579868033302445,0.14886930209875887,0.1985001778887567,0
0.14236706301194485,0.7283509667357905,0.5741081421533295,0.6114572252460145,0.5874839201294333,0.5731351119475269,1
0.9302843806242668,0.0857122702982671,0.2781371345593348,0.29097795760355727,0.22850418797483896,0.04290033679971792,0
0.7498192973518325,0.2393196790044642,0.11021721860912113,0.026105165490836624,0.2227139643712752,0.2535362554488104,0
0.9183705548574009,0.05253694203910597,0.20182938432374,0.06615127903069414,0.0872830138208689,0.2622215319915555,0
0.699867581096092,0.07897420395540335,0.00019601722838986644,0.2612007102376553,0.31703792528365393,0.1881986805272034,0
0.900106305575537,0.04561457022734754,0.13749707837627262,0.10536581620463427,0.0375106105028066,0.14583914556447722,0
0.9682958601370542,0.012017735715208344,0.08743827404813816,0.06226228086171104,0.09525866146627854,0.27253036556381255,0
0.7872276216937161,0.13988982388194562,0.2281726927365847,0.04634766120147774,0.19490614164002032,0.12899556423631792,0
0.27907320716399686,0.8998230813001755,0.8077795576328188,0.6591462812069708,0.8310212209096188,0.568283345324992,1
0.10913910589268805,0.5817793489857093,0.6361646224457038,0.704232302983824,0.74605165621648,0.8642422868857687,1
0.8039416038201831,0.1503826933877188,0.015072902946894638,0.010473465796867143,0.22046398476654883,0.13145358397450335,0
0.35175411849408966,0.5642718338847381,0.5099886648468198,0.6796155071720503,0.594991422700903,0.519845749335535,1
0.8898393147390515,0.033477899987174244,0.1824958500023315,0.08431492505006674,0.06939842014200881,0.11392545687579524,0
0.9205783104891815,0.1176280730713718,0.2252308947633167,0.0376458890397452,0.3091085678660317,0.07107999747199459,0
0.8709572519555491,0.1697344664522989,0.2787434151635062,0.1161967553925942,0.02646607553377618,0.0057466456653758715,0
0.9307434243891013,0.15742069129842964,0.23257321555048477,0.07032768000345441,0.1380334982052935,0.009031161663395681,0
0.9845969298296449,0.200360372010244,0.27996152632779187,0.07964892222872169,0.24458544449026434,0.20354999048779135,0
0.19526491007727653,0.839243694006252,0.8788645851600991,0.8539420470784018,0.795626790375749,0.6109858718899817,1
0.7126464168422527,0.28900809613381134,0.0030853487807076083,0.21481499197264334,0.2824984650221049,0.18680686228493923,0
0.3970326538260598,0.6247517743054901,0.6359887455172992,0.5315757611786223,0.677119254617495,0.6044194104939392,1
0.20301601065329328,0.8338287161022511,0.8741938054109983,0.5742932288020742,0.6490035726213863,0.8714522248461576,1
0.1185425382067668,0.5369442112445514,0.5651163956824917,0.7380851336507499,0.560188908402399,0.8872305525802935,1
0.23401435817755614,0.7006071841400665,0.5986634463221626,0.6883841009738934,0.7647654530548047,0.8004708547816171,1
0.3261604248129739,0.7311564450776353,0.8617439099975429,0.8269631389224438,0.8028192458794502,0.5222422086721843,1
0.6027511848878597,0.06373418315864189,0.19905707817403567,0.12335924666476374,0.1609625037197247,0.2653760664688841,0
0.9582251392527354,0.2727525792160757,0.09416342295450819,0.20731674382177853,0.10865327250974786,0.057182949922334934,0
0.1553897372042108,0.6368430483454376,0.6719830479119286,0.8323796684220274,0.5479564373890848,0.7939703389579578,1
0.2594364742567916,0.615178137070397,0.6971278338131298,0.6199768279108091,0.7384327820953224,0.6735375691420977,1
0.6657622116315515,0.034974922366709016,0.16400870462163905,0.270723909985831,0.13758307462307423,0.21990003216678697,0
0.8634645419759068,0.27946647429284427,0.24629430518974224,0.16998157767163888,0.2628121992936429,0.26951593997521045,0
0.759807513834774,0.0980384117573332,0.0032433250905589016,0.24796532225743925,0.32039228016134597,0.03133635543004541,0
0.83074295245308,0.1391945094500662,0.03561272865273344,0.29417046811821707,0.08587835498534219,0.020170254027168343,0
0.2784542138505729,0.7955466708532131,0.5129773784188748,0.7634870554908089,0.7129167503805818,0.5413060035500193,1
0.15175716308390863,0.7271897189264322,0.6185430454053154,0.8753262914605264,0.8274960917936203,0.8934268826054652,1
0.17790125168512422,0.8878894531191908,0.6724935479166232,0.6390075181255018,0.5201398107877413,0.5211061031438411,1
0.3076033767839964,0.6831715977736111,0.5906086504144423,0.7455881225300931,0.6011432473000444,0.731052701737769,1
0.2077626240948071,0.8294208906447276,0.8282784643067118,0.6909401592489606,0.6403276437340062,0.6450239186236378,1
0.34171435770046543,0.6312717931190448,0.5836237494827384,0.5338753367501228,0.6866772483537633,0.6928528395679368,1
0.9363634841611629,0.06637160893381919,0.11429738210051997,0.24252172166810726,0.32944944429958944,0.11538332279363045,0
0.23773720698600428,0.6213143563397132,0.8730219513677249,0.5474575062966321,0.873499769200588,0.7735465807341373,1
0.8126288610746925,0.009797718235348762,0.14267885754660248,0.12232443150081967,0.06448752479004903,0.19692288105019706,0
0.9884603629473143,0.16865664331935754,0.21442598293318374,0.020535135769805035,0.1670667983267979,0.03490754554934876,0
0.8451183342146041,0.28154464746424634,0.19853331974149155,0.023040914494326457,0.14186648199403315,0.16519901383225546,0
0.2209623268399757,0.833457604190069,0.8258684018839957,0.7447324080412886,0.6493831780530821,0.6021345495052977,1
0.6423497272852517,0.1064693050459662,0.12395175516231585,0.20274687753122209,0.2632639297190294,0.021032441892377084,0
0.7581037261724631,0.054533660165208574,0.04704381159504171,0.24819064492117376,0.016766086686503014,0.12575486277063638,0
0.6672814623066072,0.2637990647035422,0.16711215398251053,0.06941419091305441,0.20097091486655058,0.21944590791093474,0
0.9832472035677735,0.06613380127362568,0.2658545316388035,0.28029123425024705,0.3665682178128265,0.19062430705857294,0
0.851928261773883,0.12096318995514682,0.22571936469113635,0.15938820550527957,0.2709752284913178,0.12853737115463862,0
0.8925985856172556,0.2473414552813647,0.04393087698084484,0.2498789146722684,0.2161186127161229,0.25339977272706726,0
0.22939051190230442,0.651616194153214,0.866024293006889,0.6004677070193605,0.8376849301144573,0.6936082290037616,1
0.25422863276537794,0.6233873125957936,0.7292168802476062,0.6300844785104845,0.5157077656966609,0.6087994421377424,1
0.6025516173626363,0.29350643611705696,0.28972416294592424,0.11854658924169151,0.2913483417358584,0.1037418295231275,0
0.8684372628343904,0.2416290129137937,0.2840268734076722,0.12006368275490159,0.3133191931824191,0.07977853518963564,0
0.9961329215174594,0.007730879629305343,0.18105864195033627,0.19785179449539814,0.2752182228296515,0.0361162736367267,0
0.9754119133892521,0.05435498371502484,0.1868260209719523,0.06680282373692549,0.12288656680850836,0.1639375625184373,0
0.22515802556937298,0.5640902403906025,0.5683745609683393,0.6672579152651199,0.8029131913102003,0.8591858587391155,1
0.6336510649037531,0.11793117226782031,0.03007366911686299,0.004977744189779365,0.26468747305758267,0.18073483258997633,0
0.14890573414446587,0.5935251332372257,0.5094831014578074,0.8339788822777615,0.8898762384194205,0.5541838147178764,1
0.16944256412958947,0.8473638095787737,0.870585519182474,0.6678509531227241,0.5202489889076296,0.5157567334771278,1
0.8295799464276041,0.1178685326679537,0.008595728273296355,0.17497571769376702,0.0045210146356089885,0.23621158744478188,0
0.1919298468110115,0.5161032012036928,0.7353408883932613,0.6590737657732219,0.8895201653428598,0.7176794650014808,1
0.7100956724148033,0.2128316593901924,0.08144760076281339,0.2712729874222695,0.14988878820295057,0.16496056883286156,0
0.11517193114726866,0.6704484951808923,0.8329454158643981,0.8222595221453368,0.5897274235414105,0.590431628404225,1
0.9269221248852947,0.27911952605079765,0.028608276381901065,0.13501759182786757,0.13498171158569158,0.2612065366372318,0
0.6334099658720075,0.06333778276741121,0.2257405012759483,0.015388154694364675,0.19701415228571573,0.132632110403916,0
0.7337604715954995,0.11837169459567713,0.15898217607906986,0.04841020751651493,0.22879835131343712,0.24162969878999588,0
0.32804827893704774,0.5615599618775095,0.5596997878965896,0.6072697470979653,0.6444298905364149,0.663382232563393,1
0.871878886733338,0.01700412964975062,0.010401811267819916,0.11757316888317271,0.2788654768551922,0.05803060288694477,0
0.8566017925025007,0.07794844138208984,0.2658258326440549,0.26870698327998493,0.1189148817125306,0.06899812618897215,0
0.7645215888264925,0.07215947555404462,0.20171515298751108,0.24781940536448566,0.2692368523644868,0.24730513417480482,0
0.7587968648829897,0.04689509121265826,0.22138528421927764,0.10814235154246617,0.26850833009165304,0.08119318259452969,0
0.632491853922669,0.297774538646329,0.04686045237917978,0.2965262981890443,0.39091197302657893,0.23814543117241188,0
0.2978268886245993,0.7311228201004338,0.8464406181511339,0.6157758086477951,0.6870724849939508,0.7477559877466008,1
0.7644761903477965,0.1282459362270804,0.09908540025062532,0.16926954500536082,0.34022981120604645,0.06045851340189385,0
0.9737732155013765,0.20672629612446888,0.24698196380400905,0.16685720778900348,0.3118066805696254,0.004860119201840163,0
0.9273521699118141,0.012041657725609955,0.26697401290885875,0.297588824171593,0.11762698487071113,0.0630955668857381,0
0.9061453455432162,0.07590790227607597,0.25966871495166105,0.03085277764724301,0.05038207855174331,0.2937454665301847,0
0.3021516694810014,0.8387548897715811,0.6297317509406072,0.7705934998082418,0.7376967309234389,0.7412600480491788,1
0.3047597378613165,0.7301436692516394,0.6716249477210664,0.6103690777522187,0.8074325323652809,0.5905089720012745,1
0.8769417224617657,0.069999846794798,0.18759905098633617,0.22412348013870867,0.08748555556261568,0.017982990258392482,0
0.13929212289825224,0.7423987869084102,0.8397785624902943,0.5179987284941697,0.7936605036166585,0.6365274583800209,1
0.2435585109758568,0.8715438199382263,0.6327886018943382,0.6861347735757944,0.5054729659042725,0.5326394880019354,1
0.17757747734043522,0.5111408963284297,0.7525501304193004,0.670559342720649,0.7192580810912088,0.5698588743585318,1
0.18877960883098485,0.76552978994109,0.88612108945216,0.5201667094408837,0.8561537283421065,0.7307524805244834,1
0.8255678267022495,0.1500835605623281,0.020818225771255017,0.0269630555208482,0.24036480226363444,0.10228757143066748,0
0.9669072266310723,0.12197716120784168,0.04298443761079233,0.2144156500506108,0.11734136857640394,0.15764109220676795,0
0.30934983565155105,0.8601056444808282,0.8168764779206705,0.7705444271490897,0.7718532729580574,0.8783698576128347,1
0.1887472292489608,0.5004448376784749,0.6087818237592795,0.5871565518506976,0.7647338340455994,0.7534846399062116,1
0.8373845530818895,0.00487303296283611,0.21863341633519423,0.09705912374564746,0.26602239560265245,0.16697352855064598,0
0.7370923701711629,0.040372880131232323,0.028325669298144285,0.24945549993366706,0.36735901683262323,0.19493641402928988,0
0.6413736459441933,0.1206081650664722,0.21868176003154716,0.23394626520302042,0.04728744891643544,9.215653614724761e-06,0
0.884854818352242,0.10697885279586168,0.07634439948547807,0.0038692409368576318,0.21611976270459987,0.2553452206277945,0
0.9830526585090351,0.16972348518398675,0.15433839832196825,0.02551691564677233,0.2195491206170399,0.11399372368961838,0
0.8428541123534308,0.116617904362964,0.07208973703511003,0.028489582568512948,0.1259673778355583,0.028993450286325682,0
0.6707587803295936,0.2962008475738638,0.1332310670719856,0.15956152995150497,0.3494474114948862,0.29867067014720633,0
0.8330857797378726,0.24374214631325147,0.09808230730100258,0.09172318723418733,0.1610814883978241,0.20175217880209473,0
0.8728766757020394,0.09457183039483524,0.03996297724098861,0.18971887693965256,0.05133034487550581,0.17354775246879903,0
0.8773688512225235,0.21018344891833549,0.226041633197879,0.26185782646969935,0.19998359678591537,0.21907475685887134,0
0.8476690941463347,0.05599198193930477,0.00770689346082245,0.08536241570308013,0.17721348253504776,0.1851317833285969,0
0.9399837322012822,0.05887371501184969,0.03766493696954313,0.28904398424229827,0.04321782375056285,0.14354732103215675,0
0.8342254915173207,0.16241232627223148,0.02580964710988296,0.01710807420108581,0.04219337098441427,0.17567630516178376,0
0.8177379550537285,0.07012223761102328,0.19133224255367745,0.2460202506166948,0.016631583938637506,0.14943898306441272,0
0.30679312363080713,0.6009247708278749,0.6231083621172596,0.7454551611957535,0.8591741173774947,0.8239697681211597,1
0.2749390657298751,0.7920886871028997,0.6459289880831195,0.7563862112395031,0.6864726364510227,0.5759744545830243,1
0.3105214821631772,0.7225858549395288,0.6434486327814366,0.8645356760314523,0.5083736471306933,0.6263092604997984,1
0.6227525591110586,0.22995819486648814,0.21063223623413777,0.0994056656208951,0.2702651608828292,0.11878116785878495,0
0.9025015165689737,0.1362550988210118,0.12368391834949966,0.2804189746464903,0.1003516399562801,0.03613420199896963,0
0.2753629339778375,0.8877287249136716,0.6511356854908746,0.5248147054515127,0.635722106923827,0.7023726617278234,1
0.1485769019896641,0.7632408872225969,0.8990997556040803,0.6806957903925775,0.6418914226920851,0.6602816667337866,1
0.6460584713580805,0.26498208042786714,0.1244476966564056,0.11618232342745238,0.26387610917218973,0.13261002627933705,0
0.8592933875231383,0.018433887039236253,0.24411700311666823,0.28215118586382076,0.2595061544637544,0.28636977865764324,0
0.6605729257479853,0.1432248568441061,0.18054202018363416,0.174520994226356,0.1605847116356173,0.10142532280987841,0
0.6507296090201675,0.11752273516868345,0.04879824453164554,0.22030970294766553,0.08353237419783599,0.017569591585360155,0
0.8209464551268937,0.1785689198158205,0.2615739183841516,0.17309448372530456,0.13819234148937828,0.24090356445789615,0
0.26208366795622634,0.5317121138524767,0.7263402241252986,0.863207418168665,0.6585250501992882,0.61853032075992,1
0.14304083710540602,0.5605782087741429,0.6731085937367276,0.7382719296646119,0.5322461620678407,0.8758274356100664,1
0.9020534469780783,0.1759871754850988,0.24853160128169724,0.024056027043633986,0.19073555109324977,0.18902793805849902,0
0.3485958718354868,0.8133878240197071,0.6108276998853599,0.8763520678236818,0.5497383365723482,0.8500534474484609,1
0.39128207488138567,0.5708614092890503,0.7888264256815141,0.5161142075111994,0.662169130055662,0.7065133196790696,1
0.2741935677728903,0.8743748992994238,0.7689002749176779,0.6925111804876948,0.8238700145063558,0.8802131283817636,1
0.6088264594729164,0.2947563816768116,0.0258396417191041,0.24431603378062838,0.112133901020565,0.03965389732616152,0
0.775942255885534,0.19318697383428404,0.1142855535070425,0.016369622484809686,0.23978445586348665,0.2707209828332024,0
0.7532861463789007,0.0648998332892481,0.1327732037798446,0.01450881331463426,0.32819503379210996,0.247902243285056,0
0.8352001853718514,0.10593086668151684,0.239935009333735,0.16640610743651016,0.3303729234200065,0.1894376377749062,0
0.9137621892851189,0.179568897965328,0.12424232046469985,0.28738375797784127,0.2164455299515379,0.1815268555621615,0
0.6881950557658997,0.18769523682818293,0.17148229484488314,0.05545151938410748,0.023834838941257486,0.18130779591443133,0
0.3291076808050962,0.7093605483688032,0.5907090501278582,0.766608790677214,0.5320422906438409,0.6767334819207819,1
0.14901002751952608,0.5737836204239534,0.5809175796632815,0.6546828228175912,0.5204600822481591,0.6591173763716393,1
0.8046829788458804,0.14498828548989756,0.11483523012091217,0.25174398242122575,0.05813067696820165,0.15170902313441217,0
0.6248165667826217,0.021346703663372924,0.17215975490312888,0.16980552746634628,0.3512134051377828,0.16736210269802196,0
0.98391640816194,0.01460845451997893,0.029402305434222318,0.013219758471114418,0.07411074013341601,0.16238103328250342,0
0.8582288725709712,0.01367554738460064,0.2837912669536798,0.2526496129951143,0.11864499286283725,0.023156259067940388,0
0.15096612196571718,0.5507777655019891,0.5493135117195788,0.7074246754662936,0.5983389769973602,0.6432558866116578,1
0.995802133353729,0.20529427467760342,0.2846942001141004,0.042766966509934674,0.15285578993302773,0.16641954098470627,0
0.6307032247554952,0.0012562330883873595,0.20113030013907526,0.1925458550404306,0.16431552399984473,0.14689322280960979,0
0.7661772002368359,0.007201513453466656,0.10061148186523873,0.05312467661918695,0.0393696756405475,0.28701613016680494,0
0.2798079175126497,0.7914625136946412,0.626145497306447,0.6572588517976061,0.5947695975586894,0.5387862683861699,1
0.15370949123247515,0.8190056181185943,0.7710183220735103,0.7187715503941907,0.6900359491467072,0.8689737134624498,1
0.12182048433360053,0.6122403252951664,0.6399751414282856,0.8129703248851152,0.8970058480647886,0.5962682059028612,1
0.9497229336548323,0.24918682812953738,0.06739721929252998,0.11979977405976677,0.16386914771700767,0.29346620055796746,0
0.6723567605515594,0.2397473913314346,0.10025781425193298,0.2192611037328481,0.16800440171826514,0.173507928934962,0
0.3497835319978394,0.8216662259935537,0.8465692734158801,0.5238469301378637,0.7768202212158979,0.5559949506887052,1
0.7663274272073644,0.16457652451640653,0.12082184542404922,0.15588350274090224,0.3986105235194477,0.040565194113856416,0
0.3026368136009277,0.658400386554246,0.5532039195629315,0.5634947053497238,0.8797092424982468,0.8518405986847049,1
0.9628167841660087,0.29745983274821597,0.06249461700255538,0.10663180120921852,0.26768761196994667,0.14514076195819417,0
0.7673558133513334,0.10734337480067792,0.17813418958303565,0.1726780285920246,0.06458313362569604,0.1415219512555317,0
0.8213887104839399,0.17108608161941713,0.06303215787370554,0.22268141767568603,0.010079637928427854,0.1064495566629488,0
0.9120850594142534,0.1691678763166207,0.07834872975325807,0.2084859358029143,0.22695637766242938,0.23887308283691613,0
0.320507555856947,0.7440431688144938,0.6952710701243257,0.5532728502670093,0.6045332071541535,0.6676397891668341,1
0.2797897861019166,0.705483142086122,0.6152738103838118,0.5025857431158842,0.6984956887603255,0.6142503954248972,1
0.893843320284214,0.007183879581145047,0.17544834339173726,0.2824422712518196,0.0697637068445998,0.1414948472251786,0
0.6365687967268553,0.1877045736784058,0.16515950417886768,0.12220965726384969,0.20855080858949648,0.26897239754070307,0
0.6785177209244269,0.00676935351160417,0.2584994654097303,0.17313512471637194,0.35626338218473697,0.17908356702395176,0
0.924064435983881,0.1289020090065444,0.22495797938648063,0.2739124400669568,0.22884918548888253,0.05423554516871386,0
0.7075190460120793,0.05959337306922173,0.07405710827871988,0.0919246348053109,0.2220535147012754,0.17639748883914982,0
0.7705998988967444,0.18462623394625063,0.024472477683409776,0.02633647111744799,0.06873178414306338,0.15542324941210342,0
0.6855978714793254,0.08498532104777319,0.12009385085189822,0.24355983720311394,0.005544854365144048,0.19481364607098672,0
0.30066295931220566,0.8194623121426546,0.8731011756241254,0.5080551395797159,0.5615134822052865,0.8544685176223972,1
0.23755556865610464,0.7258362555733854,0.765210881489259,0.7716266417982549,0.8726961613266033,0.8987797669646679,1
0.8880629843723761,0.08616636276154524,0.26392572068830306,0.014766274362228481,0.09243234114979848,0.2692157152391145,0
0.702476605775742,0.06619531788652454,0.041437587942074174,0.25773352729407495,0.2000233036764347,0.20246796091624644,0
0.6956265536300119,0.22741212630336494,0.22800166348862955,0.09377940747249004,0.16427305320411315,0.06290708322906026,0
0.39296830699687135,0.7582410308233647,0.8738175522862062,0.6213542174516533,0.8127563651987559,0.8063434575538968,1
0.8766622607466166,0.2896916925800401,0.11806660083189466,0.03921519707692719,0.2686835436976243,0.21879294014316183,0
0.8300242293835258,0.06204536794001888,0.1513367825008066,0.09365692097073881,0.17098661126667564,0.19356557275339917,0
0.8980858970763338,0.06966740727040294,0.121597608194086,0.08074847129748876,0.07945264554474765,0.2350161659987515,0
0.963701077774797,0.11106965570537301,0.22538367731213005,0.2690985868093233,0.33844968421209265,0.054844016561767774,0
0.3868875644540084,0.650670576171785,0.6356962644695345,0.5249725309111122,0.6944694616419532,0.5436054462563715,1
0.6994159283709704,0.09508278653018441,0.2426478970475052,0.2626465951187689,0.12098652698458788,0.25760943637337214,0
0.9428923749479164,0.22939528511546203,0.04400853420455446,0.2070968540702187,0.3780096258322275,0.2047621436301471,0
0.1994850547323502,0.7002317269723325,0.7582900173404215,0.7042281634914014,0.5479811766923879,0.6248256178608083,1
0.34071880916608976,0.8445672184382069,0.5549200130862281,0.8809547009594898,0.6315290471394437,0.7649254954922879,1
0.9007300583826725,0.243583870391365,0.28372491066777905,0.09387586440864677,0.34340258182062183,0.03950607103086211,0
0.882016362541437,0.22259331885419575,0.20331697236039611,0.0756944208405459,0.34921725880608134,0.0506575390111185,0
0.11609043745624925,0.786985996244765,0.6901902860930935,0.8396392079834705,0.6533588564233036,0.5673114354030852,1
0.9345768769879479,0.1646728894920215,0.05675873771710646,0.21611519957593373,0.20444545539580022,0.18129389467209595,0
0.7843593352826328,0.2486126951454019,0.24886881470491495,0.21281664654731586,0.04216055095858491,0.25165615857122065,0
0.8684051922131639,0.20910724980128984,0.10889485212116148,0.263783866847102,0.290148640093943,0.03377713995875834,0
0.22233341032184883,0.8545521447840567,0.5188786806789516,0.8845666478568198,0.7716650273278252,0.7525503910573507,1
0.7082237025951965,0.07463753662175311,0.28261746584657865,0.08948173627023683,0.3102021186875998,0.11793653946212374,0
0.6557016283138816,0.003214589308607685,0.16327720110457525,0.2927336455646798,0.1476544775236818,0.10715770019791344,0
0.7376366471397768,0.15616315119145752,0.13219946502728805,0.26397438801810436,0.20220831668939612,0.15232735145657064,0
0.6553486378882226,0.2948218622731158,0.0749918672606489,0.022009220237880798,0.2652584995900835,0.17860991104706178,0
0.22454369619782374,0.6688768935522712,0.8140255684185724,0.5782850560398596,0.8281013275779558,0.7594988455580073,1
0.7675879095118098,0.1374085849751606,0.07699416215582873,0.22563429980909244,0.2051498969221071,0.09625636282495308,0
0.83842004630438,0.2987203356153969,0.13057868389696614,0.27620742023358585,0.13800673596982646,0.016419812077495766,0
0.16127263191052868,0.6674780573310737,0.5878539714378276,0.5000908152873023,0.8660006150990109,0.8375517644923716,1
0.8969168925947788,0.05034437869380859,0.03610907286299581,0.020281424841714944,0.2896116755091685,0.27864238820636555,0
0.22916074627391111,0.5476562687984192,0.7049571282928426,0.6395327629834521,0.6499299697399991,0.7485322496622829,1
0.887487245304881,0.033181079661948255,0.010677069241942916,0.29829909080571443,0.09309133956622073,0.01614915747253772,0
0.675950131638368,0.011687353904539266,0.1175432683851515,0.24072053533539728,0.13649777990308826,0.13325502206350995,0
0.8702347094269756,0.15266822102096406,0.25843370580639724,0.25981070251372695,0.003964278196461457,0.23341389194495973,0
0.7842934400966696,0.29665216239109893,0.14496962276263053,0.29606878361648925,0.30182774448229466,0.0745814653839919,0
0.2615184937860873,0.8968542557914332,0.8430122431007695,0.5389467575164885,0.7825487987239985,0.6382318343483252,1
0.6027929047521392,0.12104429070809987,0.07042632651749138,0.24566078115614146,0.1349322435383062,0.2482571081861451,0
0.6002391755339181,0.09234574500783574,0.07234956429232858,0.07007020832058329,0.02727464790618508,0.056137281123150515,0
0.822219827954248,0.08740832185132334,0.12521843469874439,0.11306006410415655,0.35036196999995783,0.2715896997031546,0
0.797182788662344,0.09904678509468132,0.03204021120070909,0.2860208638146285,0.02409077796011898,0.08929508327048413,0
0.7192264804680016,0.09612038584206446,0.04928605298172278,0.23494842927710913,0.04899914478639569,0.19047199774594883,0
0.13715380801174526,0.5282142550371827,0.8637718014743506,0.5760515065274823,0.8285000618238818,0.7178523484428543,1
0.12335695588263089,0.882179276575227,0.598784466796757,0.8438581381410426,0.5675240023138257,0.8415771528567412,1
0.6052915251621176,0.1535341369708442,0.23083277382646702,0.280438655247835,0.36368085448259485,0.24588746086429347,0
0.9552765398645217,0.05976590575112295,0.08525528871351863,0.08669055747631756,0.15082157240067953,0.1179962011155566,0
0.8178221298618702,0.04796392900993241,0.2073739991357968,0.050269961791351944,0.12412339284181902,0.1510035391818462,0
0.3389321684570432,0.7957876932954909,0.7582137425642089,0.562309304232068,0.7188181382462311,0.5349786007199542,1
0.7509452707186604,0.12405495908698774,0.011943431833726148,0.08219642984099154,0.3822597869065958,0.28608978234890686,0
0.20569811627576182,0.5172400435793296,0.5716379757312726,0.6568871173734161,0.879111879187692,0.556479625414874,1
0.9054063374672849,0.03260476181240762,0.29437727321738305,0.11448494973274048,0.31009381555962245,0.10277732484333954,0
0.8510675508635235,0.057604825422011015,0.04380630578908876,0.2814192418704394,0.3670589111617734,0.2662406820638647,0
0.8501733800666373,0.24248046336488346,0.020711081073412473,0.10043671256720374,0.1254812499028625,0.19069359658578397,0
0.20678733204119218,0.5594027126574723,0.7385868301654175,0.8257535682676327,0.6528493977839893,0.5529074860393927,1
0.15900645919384693,0.5949933220677536,0.6199590371978145,0.7571180282025236,0.7403781938150876,0.7784319446268158,1
0.7450007938126053,0.24719929556399348,0.061226298346728075,0.1407122242554462,0.32037548861657217,0.05404759431978577,0
0.6439452454963132,0.2651051903063969,0.10287889882775876,0.20516103747270958,0.010139441705575392,0.20701406652283488,0
0.19483039346409117,0.5222963414349767,0.7439251046192468,0.5963215264292693,0.654722896820752,0.5322323249146055,1
0.6588653004379781,0.08939317064875313,0.02692785016804714,0.27324787940589457,0.002418817273591367,0.14515806565929343,0
0.13697423743976544,0.6230716357911794,0.8704238239273062,0.5646778213095948,0.8863329278873331,0.5823177507957686,1
0.8966264433867318,0.16400317946919352,0.26534361827902775,0.16619797665093927,0.21382368766252347,0.05863740011051996,0
0.6664917448206634,0.27494674533465424,0.09835145965501021,0.11162467648886877,0.3039294633713554,0.1016470447268422,0
0.9808249786556011,0.22137833069964008,0.179228772772026,0.2642685481634257,0.0198423633397931,0.07711880765676261,0
0.239510900266273,0.5907914157886084,0.7975620749208607,0.8676832124214902,0.6695080479723694,0.636853040044758,1
0.9846202928550265,0.13345572984826223,0.14671452013478495,0.10549496170257161,0.36381938920485535,0.1706866449845552,0
0.9048698348726578,0.24354201550526589,0.10255471257517745,0.130108299396114,0.3393887097625059,0.10897660550274307,0
0.9175740533807405,0.28229769677233113,0.18696311192040208,0.22248818623556665,0.32203892481645396,0.25351189466899277,0
0.7580213351427184,0.015379037752799451,0.12056288137102185,0.20212686893522694,0.1801401543123171,0.22468894525811955,0
0.20709472884059918,0.7538976564416118,0.5745679219415898,0.7997477746579829,0.7182783875252103,0.5816257554186403,1
0.7167644693991229,0.2245826125745497,0.1447803706984562,0.06480943211792166,0.3869084761481191,0.21453750594506638,0
0.9828539330159185,0.12813151360810296,0.14253010220751614,0.2693865648555057,0.21001973609815386,0.21218367357170015,0
0.700869150998212,0.13401794061079217,0.037034959743106534,0.0617940107630885,0.0003773661070524348,0.01177951549459807,0
0.9909135292707717,0.07270610854102869,0.19899321285120058,0.25172990963988345,0.22026418369462572,0.04594335002518685,0
0.8912465749344665,0.18007542302987492,0.2193751768042125,0.23092398685712615,0.39016414707389807,0.172068984008013,0
0.7366564450762407,0.1945393670700711,0.02053221277278784,0.2692191954964759,0.047752404535278715,0.09835285136574547,0
0.9262981522504483,0.17919371349921354,0.11809065608323262,0.1420306978125064,0.34181895728087214,0.10200131581796763,0
0.9478598739248685,0.026440329293007447,0.23303953116258921,0.2542642899164209,0.0727270611349355,0.12910395971166014,0
0.6661999098654622,0.21198123869826532,0.160604330418497,0.1905970040124963,0.07859478678248447,0.06352375861572586,0
0.6165989302039625,0.09662026055871892,0.16792339840010248,0.25738047419919863,0.2667709789834723,0.13061889701992543,0
0.3859360343182414,0.7876980802303328,0.87206608114502,0.7110351893088662,0.6035617099172559,0.5211306745458888,1
0.8904339405935402,0.03639089940166024,0.09083253848159015,0.15974127236516922,0.2257666351118991,0.1801749590961408,0
0.6665021321398802,0.11392122144649462,0.18515826813509,0.2909456593901354,0.2910524550798755,0.2767811271281873,0
0.32866361749425316,0.7366867875569602,0.5768093476545378,0.7666742607570052,0.7493518263839628,0.7409876681829066,1
0.7959143471952963,0.15859698119678267,0.10033275813543122,0.15579380779269095,0.07902236227139131,0.24155231920811301,0
0.6743107818794831,0.025489886966839924,0.1308738079071472,0.19749223185181855,0.17508672997341657,0.08302623958539258,0
0.8232684735561763,0.10410070062365998,0.2798603070379899,0.27679354188107164,0.2009487279888382,0.09836519820547755,0
0.8948529655826556,0.011013883044919992,0.14243070181309536,0.10089701828110005,0.3682143540410219,0.0036009081818047625,0
0.8211259502873396,0.22219907431998778,0.14550539625721237,0.025620909048816497,0.3889845560111609,0.15540312941282938,0
0.28425587329570345,0.5946439130830029,0.6933992340427215,0.6716597967833288,0.5299583368007935,0.5424641414189869,1
0.35124175588563245,0.5959279808826361,0.5779833085994522,0.7019645805000557,0.8074988525450052,0.5247786074315952,1
0.8307231678553023,0.03576313285217201,0.010938315247685538,0.015823185648665215,0.33366564328337656,0.03539174508841847,0
0.6180605457649168,0.1313699661428737,0.25319804158260745,0.07872251294679057,0.16868504701036657,0.011976759769125366,0
0.7796314056539504,0.1732839241911401,0.17127211612564344,0.09972800765230955,0.12621327226525422,0.03198708568097936,0
0.21003949619388054,0.5397978675491859,0.8066383778848207,0.8865097190992743,0.8880297826666828,0.8460284397501576,1
0.28023764480188573,0.7803462788975519,0.6140823210721656,0.7523081680690482,0.682259819775951,0.692806935910773,1
0.9031106241500632,0.08457550667917549,0.09541188350835596,0.277392537338591,0.022489717940388898,0.14569028952400212,0
0.9651203201631446,0.1831089023454471,0.1639221222636396,0.07492325376880656,0.1373101956257793,0.2556145247414079,0
0.8236872527073833,0.15442265812703396,0.029873914062008677,0.004808446936536937,0.38547407547481966,0.11309585018605249,0
0.8412852248398017,0.023914521956185496,0.20493428571691397,0.27977001261178824,0.23026610119896787,0.03783459671262317,0
0.8326886109893907,0.2299041639313957,0.12192496097220559,0.26395132438244034,0.2594731813429458,0.26977467548676076,0
0.28705159337420116,0.5525151888019297,0.6238766844420757,0.5807179793009828,0.863530599086745,0.8041600269149931,1
0.8705593475640023,0.09028989588948651,0.055213431615064056,0.22693532639667352,0.18966317835163188,0.06773686564518873,0
0.84664879126611,0.012100155641535592,0.09785107623847605,0.14056709837734038,0.05918333364376234,0.29539634327725184,0
0.6836389458358457,0.03910593901297966,0.06106046216606892,0.23071833994791727,0.17020226370873714,0.1696247819257614,0
0.6084036627945443,0.010329392571994367,0.13374766494810483,0.24499657296048705,0.3540955514830261,0.026011970278692065,0
0.8153452408404092,0.27396890588378114,0.1163918263193659,0.24886974942851056,0.053478261759774486,0.2806183469003396,0
0.32542699525939084,0.8765337571147607,0.7706468934210027,0.6453615727997708,0.875272469009889,0.6102267105236714,1
0.732869008824693,0.2102425254005221,0.22959488985761586,0.27882104515474615,0.0819209636224838,0.2393994105657672,0
0.32156381601908907,0.5255178225014392,0.6548892564840828,0.6131061828240394,0.6217961697416121,0.8931787518218803,1
0.2928332240439784,0.7870704631173999,0.8906470549260037,0.6508807129830555,0.8207360673811224,0.6738123853217981,1
0.360860101544494,0.5722630165245213,0.8790744708257119,0.5875086833643519,0.6304882027923726,0.8024768936427122,1
0.7575020566261627,0.182463413029934,0.13337205032082855,0.22271098112693455,0.09133250094744434,0.0175373961710631,0
0.7199717589892265,0.14229259946052908,0.05040601565780357,0.1064391868969166,0.15999320731742742,0.017217553106482063,0
0.8333228992736819,0.26530302839138625,0.04552287388591573,0.1793424040204542,0.2658956819643385,0.1258004041257865,0
0.310329276209281,0.6642926173964048,0.701854915190974,0.5029412178217708,0.7766880456538756,0.7645370715778899,1
0.11152026319790337,0.6473000429580532,0.891612736316667,0.6682946250274467,0.7007781620527367,0.8639720632638874,1
0.8869047503463026,0.17462103933726705,0.23934140440232174,0.25930987993679194,0.18275522869490676,0.14253250947955062,0
0.7544203742607343,0.29001184200553815,0.2091498762871051,0.024966919862421687,0.3451838493252074,0.14416798225088043,0
0.12062617192674624,0.7198869020653245,0.6668657115902809,0.85109976194505,0.5815978414437549,0.8305858437968732,1
0.8230754764741811,0.016383090964040715,0.2915535903976454,0.15378457323095998,0.116350741692633,0.1408220525967774,0
0.3573573350552467,0.6219612497540254,0.5770705585946801,0.5516284987723525,0.6191437593560845,0.8120192348160173,1
0.7886505460781047,0.06824448110806199,0.04985549988292476,0.09981884295311373,0.37596974915428355,0.10290801377700731,0
0.3964372227863907,0.6940921823061424,0.5716655673160603,0.8564560367174038,0.6841421492539308,0.7838685374018097,1
0.3951134749627456,0.5200701401279896,0.5386778239150268,0.7881826965851024,0.6127300013181888,0.5737205587800396,1
0.11180856394591886,0.5087386847944807,0.8097942412479164,0.55377337094782,0.6870882463884603,0.7423587260717932,1
0.7713407202275385,0.008131995700869931,0.23505045077637265,0.0031539673624960463,0.3047559577509936,0.2679913481364368,0
0.7731359684228689,0.16066274192933946,0.14309501778529612,0.11676258558703163,0.3549698141481441,0.26818005320099714,0
0.7343265458566138,0.18452092620440938,0.2780722686437592,0.28861754968240544,0.20358361616881904,0.13584744158529802,0
0.18360829477855775,0.883548749276164,0.557125721789147,0.73193183041909,0.6130201070074556,0.6116033161391187,1
0.7619874349504754,0.2996378807446963,0.01648989205194662,0.17356254546105943,0.03302886321411087,0.04635624899715569,0
0.23186888253186963,0.7041840525385765,0.6035169633458096,0.6265828523497665,0.5347868081023732,0.6212879135377002,1
0.9866233757522176,0.2834122145017445,0.10046348704109549,0.17125618088362846,0.3638381564443778,0.0018551467922690024,0
0.9242734281350368,0.2845108658366757,0.027397720300067117,0.04843430580987631,0.3842985211085422,0.16126204309210387,0
0.6056786537886895,0.07728959962905875,0.13498310228065788,0.2078726733074303,0.29326415125471983,0.2986264538776368,0
0.18625335981512772,0.71528804074739,0.713329419143842,0.662258103778895,0.5676647575369681,0.8909826252735371,1
0.9413268746666344,0.14949990848827116,0.18097362680520893,0.06817831606789869,0.21751482815669876,0.20849103993644275,0
0.2545501085159767,0.8961140682339765,0.7445366624990905,0.6483894850368677,0.8088608110463353,0.5681850046326569,1
0.21535474411188,0.6387835801510343,0.672722838043111,0.8127119303714905,0.693669212865363,0.8176057801063852,1
0.8305955612559464,0.1026208303972666,0.24299362310504172,0.07148690116592747,0.08975319191991821,0.1513508772164507,0
0.1782547737886267,0.5036348139804865,0.7593190109195207,0.7044375285889592,0.6782071257972645,0.8867874058473262,1
0.8284796735851655,0.25902947333681536,0.04183507086154805,0.1707619389388283,0.3471918506923612,0.1749317271839694,0
0.8872056712508005,0.1116130703436622,0.02773485511111998,0.1373700885381214,0.15779175633554302,0.2601180547136842,0
0.6975981209409889,0.2900202682605324,0.28744143594134886,0.07428949292143161,0.1392207821909282,0.2686667222621655,0
0.38998666626883227,0.6773756411344176,0.6283988182563591,0.7104376053006168,0.7751076825462939,0.6093898061499919,1
0.8945892698476291,0.015497207134392309,0.014788347829324932,0.11588631154366356,0.14138927682428823,0.09468996461014569,0
0.796407905067564,0.09622007469347137,0.057677375540427574,0.09284086472658028,0.389961709124094,0.12333402509845458,0
0.23341383305750077,0.730617995980456,0.8933363073656906,0.5966405105743052,0.7725128442129736,0.7863938774166896,1
0.8429297667172264,0.026573501890993223,0.20306168274827294,0.019228413310852642,0.2384570598199588,0.2218743531665228,0
0.6843879562479802,0.2524866022628322,0.00910614165990128,0.2531438590974918,0.18413162025710605,0.06527638197949334,0
0.6535112579975871,0.28599215027471175,0.02179967627434701,0.0597280259807777,0.1391289389732184,0.18607045468833613,0
0.26344032558282954,0.5502573969649256,0.6158911934952859,0.5955007084344096,0.5854171417961366,0.6644577345919949,1
0.8816125810366627,0.06523587966517078,0.11000366391089442,0.11727522805234868,0.3905826117741641,0.28639990706372065,0
0.9200550331008304,0.07249767624575555,0.020411194227500904,0.09507124131618742,0.10671781977353234,0.15177774004391817,0
0.9110911640271172,0.2574968816636574,0.25345922562315254,0.10790266836692032,0.2748937373842732,0.093850259257266,0
0.11827166297055483,0.780626106241177,0.5039310210279151,0.6636730349833955,0.6317517077208303,0.7773510154075409,1
0.9064981891041516,0.09122839079138514,0.24348810433345605,0.08817502815148012,0.1785305439946245,0.21810555810424018,0
0.8771680916899154,0.29621054169366,0.06754830726477956,0.1986953740618747,0.24387276331031096,0.27452953634700894,0
0.14690864249346253,0.8007192654347732,0.7273074465075073,0.6098663479151621,0.6897739656588696,0.6335106388279191,1
0.8317253611153843,0.26670018324439976,0.17079149532366059,0.1895167254979752,0.20749913884588378,0.015349651933642771,0
0.6931434227504377,0.14760051882962483,0.09307058512341143,0.054529079328358265,0.20165313676737534,0.09684293803435509,0
0.7032430572693659,0.13919562523211423,0.039985277424651945,0.27832371992262217,0.3470808391676956,0.2122861757221606,0
0.6424855310353824,0.2327631763409079,0.24238719843270567,0.2303293853143013,0.045586354847696464,0.19317238712032941,0
0.9337299182997594,0.1732060203659003,0.1939222125684267,0.13750904382789184,0.21148292795362106,0.010313057505517564,0
0.8555852087893139,0.024434163867347758,0.13050437830206701,0.08779652930022235,0.21817118008468525,0.040024900656962126,0
0.8766573607893273,0.2385034610785411,0.04900633492294695,0.03129392620556465,0.05820619311494366,0.2631382685695505,0
0.8112757047025425,0.14017829880225077,0.032013545730706285,0.19486680202708853,0.347199836758036,0.24845576079703588,0
0.8504218835923205,0.02258361499550209,0.033719108152803885,0.014792696132947402,0.10299168659698772,0.04069844014811332,0
0.17801441207573018,0.6540232222875847,0.8771931136284543,0.7441504239126768,0.833989514273185,0.7841406002849329,1
0.6450012522106526,0.22077612191218465,0.08252966446773732,0.1917323540984119,0.13638478945719543,0.29930167897939775,0
0.7054205917987111,0.08373914123228089,0.2792016766687195,0.007393321390896801,0.27867559514927875,0.21759791722076344,0
0.9345514309641597,0.29233179319154257,0.2926805757469957,0.019583027269939168,0.328735729101161,0.1938929800972144,0
0.2942026403119274,0.5513399706458779,0.7600748665782613,0.8929930322404991,0.8647274278157788,0.6756522643219403,1
0.11198439198582831,0.6449173960000819,0.8305561246402221,0.7805996405860665,0.6837374622375826,0.5220406140635324,1
0.770757891129321,0.14070748191536506,0.27856665986824075,0.19232583107464782,0.12466116666185956,0.15759547933521642,0
0.11981659234664803,0.8890272942598947,0.6440239607722904,0.6911469419652543,0.6421135896947691,0.7730046920464801,1
0.2986696474988779,0.7861289242116543,0.6072572918447683,0.6262673924656263,0.5501004924384831,0.7622039887384451,1
0.615918850934261,0.1793047006570377,0.26090876545549013,0.26724964448689004,0.17961510414798468,0.13779110646392212,0
0.6307876732032069,0.20122950763291073,0.24637782611185363,0.07339651638141391,0.16852035265334586,0.25165180102958107,0
0.9508481870649153,0.07295399407926778,0.16517119036240926,0.057747945190748114,0.04075150565582262,0.27333615041758724,0
0.9282030016928436,0.22801047054095216,0.014629895643942126,0.25311863781307725,0.17521763036215351,0.1027185369887579,0
0.8185905444101506,0.027405972817066748,0.22699396480571965,0.17473052306648876,0.07463603874926701,0.05646965993071368,0
0.15527459547180228,0.5228009550207736,0.7351193797486739,0.8361392710354032,0.5069992855949554,0.5196018579885094,1
0.8291081106747783,0.24584870561581568,0.09802166717059008,0.10488431964231665,0.23853859899871038,0.08226386673724409,0
0.6106433464310737,0.22056855543047882,0.18769497388243592,0.17422679971669772,0.29667365159672926,0.20256925126861125,0
0.6823527952713284,0.10574431408300534,0.037833042503587495,0.03895710402536431,0.2704782985426157,0.25758003209474944,0
0.9850930335444557,0.1885041352648333,0.05523039700828709,0.03169510363467921,0.3251403886147031,0.17362694290799977,0
0.28548550630411595,0.8125848355018837,0.7813108910929807,0.8337833011424387,0.5224855621839514,0.7990082546986019,1
0.3552558271966286,0.6144540169833257,0.7561789095973012,0.6256648255347889,0.8831884265929817,0.5133694289742015,1
0.831917137533182,0.049951064114854525,0.2136660615531476,0.052767085025598626,0.09415330475934303,0.14831124331372741,0
0.3744504849990635,0.5846857488591883,0.5576960084472414,0.8035907327416123,0.7002478129335724,0.8647140449527086,1
0.6586458228639369,0.1937783679069118,0.06986374384554452,0.04702812859549179,0.2733717660629082,0.17810538597261996,0
0.9019309833449325,0.0928387729338547,0.134391496914657,0.12164150289912554,0.3936357855866057,0.08767468702181637,0
0.7179268953387068,0.10636446264858221,0.16937822438709646,0.07569682327912357,0.3661159761517096,0.07970566945987904,0
0.9583262926240779,0.031042519093975394,0.1969688107198957,0.2720956555314731,0.06749977535929182,0.2904980880297765,0
0.7811533441662046,0.28371453253230733,0.2030460130890141,0.09047606096206547,0.07532100996684257,0.09112051386752981,0
0.63720696370507,0.043160389902998926,0.03139813210394434,0.1268830631224673,0.3182313505030346,0.04241506626490205,0
0.1390961299517008,0.7573715798069323,0.5788731927872265,0.5390440152435967,0.566739431282231,0.8694925583507105,1
0.9285885011104763,0.10621936870652822,0.19674623019821783,0.1611827021004114,0.2708497053930256,0.2048013457388278,0
0.2886202045179979,0.6064405474149235,0.5156025683051273,0.6822267127960435,0.8563895538762816,0.7277989034074304,1
0.9329564166807631,0.29748730288836844,0.049084861241482876,0.2075332917425947,0.2697174294800099,0.2939866342074835,0
0.9942402935811201,0.20600358351723883,0.07308443759465828,0.23956675143917971,0.042811653684415245,0.2342097912514886,0
0.9640784496578786,0.11485001843053057,0.18919058849492412,0.12904281962904787,0.17510602199525138,0.09311126673243601,0
0.9048518481801299,0.28085296924995157,0.2822252577703383,0.052434385462480144,0.34989745986262644,0.22122943242813664,0
0.7011349602761157,0.020185383876454365,0.0803991800653134,0.2736624710344577,0.2532714699583089,0.21631639826936155,0
0.7028609404436383,0.21581644667244607,0.008436451883377128,0.11259640373190413,0.2507013394169325,0.043828969662396064,0
0.9292014297787738,0.07050938964357559,0.19568433384553388,0.1215591427725989,0.23841743819105887,0.032235165788672436,0
0.1050738399764822,0.8638257709521204,0.6078520035068731,0.8278708011121836,0.8997401201888802,0.5845725031995644,1
0.1795512223550067,0.7651439150538664,0.8861794538402485,0.8663257392762975,0.701150208026234,0.8180441130106899,1
0.14072375592997033,0.890975273681605,0.8857412936143947,0.5654915831516684,0.6197692499212426,0.5400619990027068,1
0.7086870395592719,0.24478673682456198,0.11349468214957784,0.02651909014402751,0.13689020991156184,0.29441500027238404,0
0.8518734381036812,0.12484828392184733,0.049961554049181,0.2958530391851084,0.3283396037052515,0.08444319073527581,0
0.6280274782884757,0.01698766721326741,0.03611344485166015,0.1742305750843265,0.37150536848219695,0.14902302840179535,0
0.3528836447368592,0.6783546479439231,0.7834334183071301,0.7927490949146003,0.5695854823613354,0.6444864235903247,1
0.2911906469614072,0.5282786432737465,0.6446160751051826,0.713919786512477,0.8984897972178555,0.6898134250489762,1
0.9264227028457295,0.1296201855199853,0.23891721678591266,0.17862444048603252,0.35463817660095937,0.12328276570503297,0
0.8417217679285915,0.1890056041856482,0.125214882540142,0.04329361310624445,0.03742376276493422,0.00500146517988993,0
0.36206027927356443,0.5945899648954778,0.5846026997127072,0.7944141601704262,0.6280064452349567,0.7024178769647347,1
0.6650044261189825,0.28792371643859077,0.2554744200051712,0.259136886889501,0.16270949942880208,0.22870836411215184,0
0.14316284661693407,0.5034476010367122,0.5079891730312113,0.7346406949618242,0.6821579620991763,0.7072061395634079,1
0.6029852561668877,0.12680598589722772,0.21542044836025823,0.13280811059023076,0.2928876825248889,0.06990568931905043,0
0.3439426013445177,0.7353724961813809,0.5843052397719625,0.5946881903415332,0.7512121858278149,0.8319758372849774,1
0.766251112811662,0.07749012873827767,0.2601034820731801,0.20078048752525046,0.17923419491323062,0.14637005858379054,0
0.16127694038091894,0.7507210520259375,0.6434970042171555,0.8982580706697397,0.6920734061047551,0.6943542424758453,1
0.8263407149642688,0.275026800935624,0.24024542995792508,0.13533902093935243,0.2874797063891184,0.1758706496342285,0
0.2477101146103747,0.5769263091137402,0.6855745053819564,0.5983274348090298,0.8659368599406618,0.6341627253985388,1
0.980905605813349,0.15991658702841335,0.1894633136028481,0.16288213334679832,0.05175224678668036,0.11274636570238228,0
0.6396584449110495,0.1868862132550145,0.13406225856013168,0.23339549147128102,0.08818819239974794,0.04936981752880047,0
0.7625328923855071,0.2779756149655143,0.2131265445037235,0.1256770874378756,0.20690886790172425,0.025263903353129502,0
0.9938303585504452,0.19992219140847567,0.08562122053902674,0.1757425182645733,0.043792946427597595,0.28975100064227505,0
0.6699139951533464,0.19440909541656423,0.07363633876167913,0.21526841479456071,0.31072854689611246,0.20202591867342978,0
0.845799784102077,0.2677407281856035,0.02358801329692741,0.09927442973405855,0.09931499185233839,0.2964041886196265,0
0.21681693390006207,0.7930450796961594,0.7738900655524019,0.5848324949909511,0.5955990720846205,0.6125138254212137,1
0.7644509113037516,0.07029751969515803,0.005895444824054341,0.2638179170421586,0.3862439325523537,0.10247111610947038,0
0.20155206382764188,0.5028367251097484,0.7721002753321496,0.8301759582994515,0.5586433201440013,0.5638665397468603,1
0.9160332999885751,0.1848872245062434,0.013458167288315103,0.1867640971386845,0.12356708913750643,0.11061754664125378,0
0.9078925673187521,0.24328055780178318,0.12010698805194919,0.2841458808019064,0.1625850871808289,0.23155081056903296,0
0.7935509058257036,0.2692596979566252,0.2723283730950536,0.026225042361325158,0.37459733252409033,0.2476604524561247,0
0.3373932142938001,0.580364535874209,0.822047683501866,0.8400530938740147,0.6156601337816604,0.8809040313449295,1
0.11495804391974929,0.5599637012988559,0.7150324552206058,0.7303169884489239,0.7580600333203613,0.5067876517261866,1
0.9841467098488521,0.013376427820243198,0.04291858581702072,0.004204355257817094,0.2267433733176379,0.2796800651762917,0
0.8663788664321856,0.2467972405441282,0.003984361037574024,0.16260458954391782,0.18382519100220876,0.1496903832662379,0
0.6288852741340751,0.20533060832079222,0.15096612445759033,0.22954465495837917,0.19411625362468615,0.04481449086792962,0
